﻿{"cameraMode":{"drawMode":0,"name":"Shaded","section":"Shading Mode"},"sceneLighting":true,"audioPlay":false,"sceneViewState":{"showFog":false,"showMaterialUpdate":false,"showSkybox":false,"showFlares":false,"showImageEffects":false,"showParticleSystems":false},"in2DMode":false,"pivot":{"x":-33.019466400146487,"y":28.672773361206056,"z":9.75487995147705},"rotation":{"x":0.13984757661819459,"y":0.742958664894104,"z":-0.1639557182788849,"w":0.6336984634399414},"size":8.79730224609375,"orthographic":true}